{
    "adaptive_bed_mesh_margin": "0",
    "auxiliary_fan": "0",
    "bbl_use_printhost": "0",
    "bed_custom_model": "",
    "bed_custom_texture": "",
    "bed_exclude_area": [
        "0x0"
    ],
    "bed_mesh_max": "99999,99999",
    "bed_mesh_min": "-99999,-99999",
    "bed_mesh_probe_distance": "50,50",
    "before_layer_change_gcode": "G92 E0",
    "best_object_pos": "0.5,0.5",
    "change_extrusion_role_gcode": "",
    "change_filament_gcode": "",
    "cooling_tube_length": "5",
    "cooling_tube_retraction": "91.5",
    "default_filament_profile": [],
    "default_print_profile": "",
    "deretraction_speed": [
        "0"
    ],
    "disable_m73": "0",
    "emit_machine_limits_to_gcode": "1",
    "enable_filament_ramming": "1",
    "extra_loading_move": "-2",
    "extruder_clearance_height_to_lid": "120",
    "extruder_clearance_height_to_rod": "40",
    "extruder_clearance_radius": "40",
    "extruder_colour": [
        ""
    ],
    "extruder_offset": [
        "0x0"
    ],
    "fan_kickstart": "0",
    "fan_speedup_overhangs": "1",
    "fan_speedup_time": "0",
    "from": "system",
    "gcode_flavor": "marlin",
    "head_wrap_detect_zone": [],
    "high_current_on_filament_swap": "0",
    "host_type": "octoprint",
    "inherits": "",
    "is_custom_defined": "0",
    "layer_change_gcode": "",
    "machine_end_gcode": "M104 S0 T0\nM104 S0 T1\nM140 S0\n;Retract the filament\nG92 E0\nG1 E-3 F300\nG0 Z320\nG0 X330 Y0 F3600\nM84",
    "machine_load_filament_time": "0",
    "machine_max_acceleration_e": [
        "5000",
        "5000"
    ],
    "machine_max_acceleration_extruding": [
        "1500",
        "1250"
    ],
    "machine_max_acceleration_retracting": [
        "1500",
        "1250"
    ],
    "machine_max_acceleration_travel": [
        "0",
        "0"
    ],
    "machine_max_acceleration_x": [
        "1000",
        "1000"
    ],
    "machine_max_acceleration_y": [
        "1000",
        "1000"
    ],
    "machine_max_acceleration_z": [
        "500",
        "200"
    ],
    "machine_max_jerk_e": [
        "2.5",
        "2.5"
    ],
    "machine_max_jerk_x": [
        "10",
        "10"
    ],
    "machine_max_jerk_y": [
        "10",
        "10"
    ],
    "machine_max_jerk_z": [
        "0.2",
        "0.4"
    ],
    "machine_max_speed_e": [
        "120",
        "120"
    ],
    "machine_max_speed_x": [
        "500",
        "200"
    ],
    "machine_max_speed_y": [
        "500",
        "200"
    ],
    "machine_max_speed_z": [
        "12",
        "12"
    ],
    "machine_min_extruding_rate": [
        "0",
        "0"
    ],
    "machine_min_travel_rate": [
        "0",
        "0"
    ],
    "machine_pause_gcode": "",
    "machine_start_gcode": "G28\nG0 X5 Y5 Z0.3 F3600\nT1\nG92 E0\nT0\nG92 E0\nG0 X5 Y5 Z0.3 F3600",
    "machine_unload_filament_time": "0",
    "manual_filament_change": "0",
    "max_layer_height": [
        "0"
    ],
    "min_layer_height": [
        "0.07"
    ],
    "name": "Qidi i-Fast 0.4 nozzle",
    "nozzle_diameter": [
        "0.4"
    ],
    "nozzle_hrc": "0",
    "nozzle_type": "hardened_steel",
    "nozzle_volume": "0",
    "parking_pos_retraction": "92",
    "preferred_orientation": "0",
    "print_host": "",
    "print_host_webui": "",
    "printable_area": [
        "0x0",
        "330x0",
        "330x250",
        "0x250"
    ],
    "printable_height": "320",
    "printer_model": "Qidi i-Fast 0.4 nozzle",
    "printer_notes": "",
    "printer_settings_id": "Qidi i-Fast 0.4 nozzle",
    "printer_structure": "undefine",
    "printer_technology": "FFF",
    "printer_variant": "",
    "printhost_apikey": "",
    "printhost_authorization_type": "key",
    "printhost_cafile": "",
    "printhost_password": "",
    "printhost_port": "",
    "printhost_ssl_ignore_revoke": "0",
    "printhost_user": "",
    "printing_by_object_gcode": "",
    "purge_in_prime_tower": "1",
    "retract_before_wipe": [
        "100%"
    ],
    "retract_length_toolchange": [
        "10"
    ],
    "retract_lift_above": [
        "0"
    ],
    "retract_lift_below": [
        "0"
    ],
    "retract_lift_enforce": [
        "All Surfaces"
    ],
    "retract_restart_extra": [
        "0"
    ],
    "retract_restart_extra_toolchange": [
        "0"
    ],
    "retract_when_changing_layer": [
        "0"
    ],
    "retraction_length": [
        "0.8"
    ],
    "retraction_minimum_travel": [
        "2"
    ],
    "retraction_speed": [
        "30"
    ],
    "scan_first_layer": "0",
    "silent_mode": "0",
    "single_extruder_multi_material": "1",
    "support_air_filtration": "1",
    "support_chamber_temp_control": "1",
    "support_multi_bed_types": "0",
    "template_custom_gcode": "",
    "thumbnails": [
        "300x300"
    ],
    "thumbnails_format": "PNG",
    "time_cost": "0",
    "time_lapse_gcode": "",
    "upward_compatible_machine": [],
    "use_firmware_retraction": "0",
    "use_relative_e_distances": "1",
    "version": "2.0.2.0",
    "wipe": [
        "0"
    ],
    "wipe_distance": [
        "1"
    ],
    "z_hop": [
        "0.4"
    ],
    "z_hop_types": [
        "Normal Lift"
    ],
    "z_offset": "0"
}
