{
  "bundle_id": "Qidi i-Fast 0.4 nozzle",
  "bundle_type": "printer config bundle",
  "filament_config": [
      "filament/QIDI ABS Odorless @Qidi i-Fast 0.4 nozzle.json",
      "filament/QIDI ABS Rapido @Qidi i-Fast 0.4 nozzle.json",
      "filament/QIDI ABS-GF @Qidi i-Fast 0.4 nozzle.json",
      "filament/QIDI ASA @Qidi i-Fast 0.4 nozzle.json",
      "filament/QIDI ASA-Aero @Qidi i-Fast 0.4 nozzle.json",
      "filament/Qidi ABS @Qidi i-Fast 0.4 nozzle.json",
      "filament/Qidi Generic ASA @Qidi i-Fast 0.4 nozzle.json",
      "filament/Qidi Generic PETG @Qidi i-Fast 0.4 nozzle.json",
      "filament/Qidi Generic PLA @Qidi i-Fast 0.4 nozzle.json",
      "filament/Qidi Generic TPU @Qidi i-Fast 0.4 nozzle.json",
      "filament/QIDI PA-Ultra @Qidi i-Fast 0.4 nozzle.json",
      "filament/QIDI PA12-CF @Qidi i-Fast 0.4 nozzle.json",
      "filament/QIDI PETG Tough @Qidi i-Fast 0.4 nozzle.json",
      "filament/QIDI PLA Rapido @Qidi i-Fast 0.4 nozzle.json",
      "filament/QIDI PLA-CF @Qidi i-Fast 0.4 nozzle.json"
  ],
  "printer_config": [
      "printer/Qidi i-Fast 0.4 nozzle.json"
  ],
  "printer_preset_name": "Qidi i-Fast 0.4 nozzle",
  "process_config": [
      "process/0.20mm Standard @Qidi i-Fast 0.4 nozzle.json",
      "process/0.12mm Fine @Qidi i-Fast 0.4 nozzle.json"
  ],
  "user_id": "",
  "user_name": "",
  "version": "1.0.0"
}
