{"type": "filament",
"filament_id": "GFB99",
"setting_id": "GFSA04",
"instantiation": "true",
    "fan_cooling_layer_time": [
        "60"
    ],
    "filament_max_volumetric_speed": [
        "4"
    ],
    "filament_settings_id": [
        "Qidi TPU 95A-HF @Qidi i-Fast 0.4 nozzle"
    ],
    "from": "system",
    "hot_plate_temp": [
        "60"
    ],
    "hot_plate_temp_initial_layer": [
        "60"
    ],
    "inherits": "Qidi TPU 95A-HF",
    "is_custom_defined": "0",
    "name": "Qidi TPU 95A-HF @Qidi i-Fast 0.4 nozzle",
    "nozzle_temperature": [
        "230"
    ],
    "nozzle_temperature_initial_layer": [
        "230"
    ],
	"compatible_printers": [
		"Qidi i-Fast 0.4 nozzle"
	]
}
