{"type": "filament",
"filament_id": "GFB99",
"setting_id": "GFSA04",
"instantiation": "true",
    "filament_max_volumetric_speed": [
        "14"
    ],
    "filament_settings_id": [
        "Qidi Generic PLA @Qidi i-Fast 0.4 nozzle"
    ],
    "from": "system",
    "full_fan_speed_layer": [
        "0"
    ],
    "hot_plate_temp": [
        "60"
    ],
    "hot_plate_temp_initial_layer": [
        "60"
    ],
    "inherits": "Qidi Generic PLA",
    "is_custom_defined": "0",
    "name": "Qidi Generic PLA @Qidi i-Fast 0.4 nozzle",
    "nozzle_temperature": [
        "210"
    ],
    "slow_down_min_speed": [
        "20"
    ],
	"compatible_printers": [
		"Qidi i-Fast 0.4 nozzle"
	]
}
