{    "type": "filament",
"filament_id": "GFB99",
"setting_id": "GFSA04",
"instantiation": "true",
    "activate_chamber_temp_control": [
        "0"
    ],
    "chamber_temperature": [
        "55"
    ],
    "fan_max_speed": [
        "20"
    ],
    "fan_min_speed": [
        "20"
    ],
    "filament_max_volumetric_speed": [
        "22"
    ],
    "filament_settings_id": [
        "QIDI ABS-GF @Qidi i-Fast 0.4 nozzle"
    ],
    "from": "system",
    "hot_plate_temp": [
        "100"
    ],
    "hot_plate_temp_initial_layer": [
        "100"
    ],
    "inherits": "QIDI ABS-GF",
    "is_custom_defined": "0",
    "name": "QIDI ABS-GF @Qidi i-Fast 0.4 nozzle",
    "nozzle_temperature": [
        "260"
    ],
    "nozzle_temperature_initial_layer": [
        "260"
    ],
    "overhang_fan_speed": [
        "100"
    ],
    "pressure_advance": [
        "0.035"
    ],
    "slow_down_min_speed": [
        "20"
    ],
	"compatible_printers": [
		"Qidi i-Fast 0.4 nozzle"
	]
}
