{"type": "filament",
"filament_id": "GFB99",
"setting_id": "GFSA04",
"instantiation": "true",
    "activate_chamber_temp_control": [
        "0"
    ],
    "chamber_temperature": [
        "55"
    ],
    "fan_cooling_layer_time": [
        "40"
    ],
    "filament_max_volumetric_speed": [
        "16"
    ],
    "filament_settings_id": [
        "Qidi Generic ASA @Qidi i-Fast 0.4 nozzle"
    ],
    "from": "system",
    "inherits": "QIDI ASA",
    "is_custom_defined": "0",
    "name": "QIDI ASA @Qidi i-Fast 0.4 nozzle",
    "nozzle_temperature": [
        "255"
    ],
    "nozzle_temperature_initial_layer": [
        "250"
    ],
    "overhang_fan_speed": [
        "100"
    ],
    "pressure_advance": [
        "0.035"
    ],
    "slow_down_layer_time": [
        "4"
    ],
	"compatible_printers": [
		"Qidi i-Fast 0.4 nozzle"
	]
}
