{"type": "filament",
"filament_id": "GFB99",
"setting_id": "GFSA04",
"instantiation": "true",
    "fan_max_speed": [
        "40"
    ],
    "fan_min_speed": [
        "20"
    ],
    "filament_settings_id": [
        "QIDI PA12-CF @Qidi i-Fast 0.4 nozzle"
    ],
    "from": "system",
    "inherits": "QIDI PA12-CF",
    "is_custom_defined": "0",
    "name": "QIDI PA12-CF @Qidi i-Fast 0.4 nozzle",
    "nozzle_temperature": [
        "280"
    ],
    "nozzle_temperature_initial_layer": [
        "280"
    ],
    "overhang_fan_speed": [
        "100"
    ],
    "pressure_advance": [
        "0.035"
    ],
    "slow_down_min_speed": [
        "20"
    ],
	"compatible_printers": [
		"Qidi i-Fast 0.4 nozzle"
	]
}
