{"type": "filament",
"filament_id": "GFB99",
"setting_id": "GFSA04",
"instantiation": "true",
    "activate_chamber_temp_control": [
        "0"
    ],
    "chamber_temperature": [
        "60"
    ],
    "fan_cooling_layer_time": [
        "40"
    ],
    "filament_settings_id": [
        "Qidi ASA-Aero @Qidi i-Fast 0.4 nozzle"
    ],
    "from": "system",
    "inherits": "Qidi ASA-Aero",
    "is_custom_defined": "0",
    "name": "Qidi ASA-Aero @Qidi i-Fast 0.4 nozzle",
    "nozzle_temperature": [
        "260"
    ],
    "overhang_fan_speed": [
        "100"
    ],
    "slow_down_layer_time": [
        "4"
    ],
    "slow_down_min_speed": [
        "20"
    ],
	"compatible_printers": [
		"Qidi i-Fast 0.4 nozzle"
	]
}
