{"type": "filament",
"filament_id": "GFB99",
"setting_id": "GFSA04",
"instantiation": "true",
    "fan_max_speed": [
        "40"
    ],
    "fan_min_speed": [
        "20"
    ],
    "filament_max_volumetric_speed": [
        "4"
    ],
    "filament_settings_id": [
        "QIDI PA-Ultra @Qidi i-Fast 0.4 nozzle"
    ],
    "from": "system",
    "hot_plate_temp": [
        "80"
    ],
    "hot_plate_temp_initial_layer": [
        "80"
    ],
    "inherits": "QIDI PA-Ultra",
    "is_custom_defined": "0",
    "name": "QIDI PA-Ultra @Qidi i-Fast 0.4 nozzle",
    "overhang_fan_speed": [
        "50"
    ],
    "slow_down_min_speed": [
        "20"
    ],
	"compatible_printers": [
		"Qidi i-Fast 0.4 nozzle"
	]
}
