{"type": "filament",
"filament_id": "GFB99",
"setting_id": "GFSA04",
"instantiation": "true",
"reduce_fan_stop_start_freq": [
    "1"
],
"slow_down_for_layer_cooling": [
    "1"
],
"fan_cooling_layer_time": [
    "30"
],
"overhang_fan_threshold": [
    "25%"
],
    "fan_max_speed": [
        "40"
    ],
    "fan_min_speed": [
        "10"
    ],
    "filament_settings_id": [
        "Qidi Generic PETG @Qidi i-Fast 0.4 nozzle"
    ],
    "from": "system",
    "hot_plate_temp_initial_layer": [
        "80"
    ],
    "inherits": "Qidi Generic PETG",
    "is_custom_defined": "0",
    "name": "Qidi Generic PETG @Qidi i-Fast 0.4 nozzle",
    "overhang_fan_speed": [
        "100"
    ],
    "slow_down_min_speed": [
        "20"
    ],
     "slow_down_layer_time": [
    "12"
],
    "pressure_advance":[
        "0.086"
    ],
    "filament_flow_ratio": [
        "0.95"
    ],
    "filament_max_volumetric_speed": [
        "12"
    ],
    "enable_pressure_advance": [
        "1"
    ],
	"compatible_printers": [
		"Qidi i-Fast 0.4 nozzle"
	]
}
