{"type": "filament",
"filament_id": "GFB99",
"setting_id": "GFSA04",
"instantiation": "true",
    "fan_max_speed": [
        "80"
    ],
    "fan_min_speed": [
        "10"
    ],
    "filament_settings_id": [
        "Qidi Generic ABS @Qidi i-Fast 0.4 nozzle"
    ],
    "from": "system",
    "hot_plate_temp": [
        "90"
    ],
    "hot_plate_temp_initial_layer": [
        "90"
    ],
    "inherits": "Qidi Generic ABS",
    "is_custom_defined": "0",
    "name": "Qidi Generic ABS @Qidi i-Fast 0.4 nozzle",
    "nozzle_temperature": [
        "250"
    ],
    "overhang_fan_speed": [
        "100"
    ],
    "slow_down_layer_time": [
        "4"
    ],
    "slow_down_min_speed": [
        "20"
    ],
	"compatible_printers": [
		"Qidi i-Fast 0.4 nozzle"
	]
}
