{"type": "filament",
"filament_id": "GFL98",
"setting_id": "GFSL98",
"instantiation": "true",
    "extrusion_multiplier": [
        "0.93"
    ],
    "first_layer_temperature": [
        "220"
    ],
    "filament_max_volumetric_speed": [
        "15"
    ],
    "filament_settings_id": [
        "QIDI PLA-CF @Qidi i-Fast 0.4 nozzle"
    ],
    "from": "system",
    "inherits": "Qidi PLA-CF",
    "is_custom_defined": "0",
    "name": "QIDI PLA-CF @Qidi i-Fast 0.4 nozzle",
    "nozzle_temperature": [
        "220"
    ],
    "pressure_advance": [
        "0.034"
    ],
	"compatible_printers": [
		"Qidi i-Fast 0.4 nozzle"
	]
}
