{"type": "filament",
"filament_id": "GFB99",
"setting_id": "GFSA04",
"instantiation": "true",
    "activate_chamber_temp_control": [
        "0"
    ],
    "chamber_temperature": [
        "55"
    ],
    "fan_max_speed": [
        "40"
    ],
    "fan_min_speed": [
        "10"
    ],
    "filament_settings_id": [
        "Qidi PC-ABS-FR @Qidi i-Fast 0.4 nozzle"
    ],
    "from": "system",
    "hot_plate_temp": [
        "100"
    ],
    "hot_plate_temp_initial_layer": [
        "100"
    ],
    "inherits": "Qidi PC-ABS-FR",
    "is_custom_defined": "0",
    "name": "Qidi PC-ABS-FR @Qidi i-Fast 0.4 nozzle",
    "nozzle_temperature": [
        "250"
    ],
    "pressure_advance": [
        "0.04"
    ],
    "slow_down_layer_time": [
        "4"
    ],
    "slow_down_min_speed": [
        "20"
    ],
	"compatible_printers": [
		"Qidi i-Fast 0.4 nozzle"
	]
}
