{"type": "filament",
"filament_id": "GFB99",
"setting_id": "GFSA04",
"instantiation": "true",
    "activate_air_filtration": [
        "1"
    ],
    "additional_cooling_fan_speed": [
        "0"
    ],
    "close_fan_the_first_x_layers": [
        "3"
    ],
    "during_print_exhaust_fan_speed": [
        "100"
    ],
    "fan_cooling_layer_time": [
        "60"
    ],
    "filament_max_volumetric_speed": [
        "24.5"
    ],
    "filament_settings_id": [
        "QIDI PLA Rapido @Qidi i-Fast 0.4 nozzle"
    ],
    "from": "system",
    "full_fan_speed_layer": [
        "3"
    ],
    "hot_plate_temp": [
        "60"
    ],
    "hot_plate_temp_initial_layer": [
        "60"
    ],
    "inherits": "QIDI PLA Rapido",
    "is_custom_defined": "0",
    "name": "QIDI PLA Rapido @Qidi i-Fast 0.4 nozzle",
    "nozzle_temperature": [
        "210"
    ],
    "pressure_advance": [
        "0.042"
    ],
    "slow_down_min_speed": [
        "20"
    ],
	"compatible_printers": [
		"Qidi i-Fast 0.4 nozzle"
	]
}
