{"type": "filament",
"filament_id": "GFB99",
"setting_id": "GFSA04",
"instantiation": "true",
    "fan_max_speed": [
        "40"
    ],
    "fan_min_speed": [
        "10"
    ],
    "filament_max_volumetric_speed": [
        "13"
    ],
    "filament_settings_id": [
        "QIDI PETG Tough @Qidi i-Fast 0.4 nozzle"
    ],
    "from": "system",
    "hot_plate_temp_initial_layer": [
        "80"
    ],
    "inherits": "QIDI PETG Tough",
    "is_custom_defined": "0",
    "name": "QIDI PETG Tough @Qidi i-Fast 0.4 nozzle",
    "overhang_fan_speed": [
        "100"
    ],
    "pressure_advance": [
        "0.086"
    ],
	"compatible_printers": [
		"Qidi i-Fast 0.4 nozzle"
	]
}
