{
    "type": "filament",
    "filament_id": "GFB99i",
    "setting_id": "GFSA04i",
    "instantiation": "true",
    "filament_flow_ratio": [
        "0.92"
    ],
    "enable_pressure_advance": [
        "1"
    ],
    "activate_chamber_temp_control": [
        "0"
    ],
    "chamber_temperature": [
        "55"
    ],
    "fan_max_speed": [
        "80"
    ],
    "filament_max_volumetric_speed": [
        "24.5"
    ],
    "from": "system",
    "hot_plate_temp_initial_layer": [
        "90"
    ],
    "inherits": "QIDI ABS Odorless",
    "is_custom_defined": "1",
    "name": "QIDI ABS Odorless @Qidi i-Fast 0.4 nozzle",
    "nozzle_temperature": [
        "260"
    ],
    "overhang_fan_speed": [
        "100"
    ],
    "pressure_advance": [
        "0.035"
    ],
    "slow_down_min_speed": [
        "20"
    ],
	"compatible_printers": [
		"Qidi i-Fast 0.4 nozzle"
	]
}
