{
	"type": "process",
	"setting_id": "GP004",
	"name": "0.25mm Draft @Qidi Q1 Pro",
	"from": "system",
	"inherits": "fdm_process_qidi_x3_common",
	"instantiation": "true",
	"adaptive_layer_height": "1",
	"reduce_crossing_wall": "0",
	"layer_height": "0.25",
	"max_travel_detour_distance": "0",
	"bottom_surface_pattern": "monotonic",
	"bottom_shell_layers": "3",
	"bottom_shell_thickness": "0",
	"bridge_flow": "1",
	"brim_width": "0",
	"brim_object_gap": "0",
	"compatible_printers_condition": "",
	"print_sequence": "by layer",
	"bridge_no_support": "0",
	"draft_shield": "disabled",
	"elefant_foot_compensation": "0.1",
	"outer_wall_line_width": "0.4",
	"wall_infill_order": "inner wall/outer wall/infill",
	"line_width": "0.42",
	"infill_direction": "45",
	"sparse_infill_density": "15%",
	"sparse_infill_pattern": "crosshatch",
	"initial_layer_line_width": "0.5",
	"initial_layer_print_height": "0.25",
	"infill_combination": "0",
	"sparse_infill_line_width": "0.45",
	"infill_wall_overlap": "15%",
	"interface_shells": "0",
	"ironing_flow": "15%",
	"ironing_spacing": "0.1",
	"ironing_type": "no ironing",
	"reduce_infill_retraction": "1",
	"filename_format": "{input_filename_base}_{filament_type[initial_tool]}_{print_time}.gcode",
	"detect_overhang_wall": "1",
	"inner_wall_line_width": "0.45",
	"wall_loops": "2",
	"print_settings_id": "",
	"raft_layers": "0",
	"seam_position": "aligned",
	"skirt_distance": "2",
	"skirt_height": "1",
	"skirt_loops": "2",
	"minimum_sparse_infill_area": "10",
	"internal_solid_infill_line_width": "0.42",
	"spiral_mode": "0",
	"standby_temperature_delta": "-5",
	"enable_support": "0",
	"resolution": "0.012",
	"support_type": "normal(auto)",
	"support_style": "grid",
	"support_on_build_plate_only": "0",
	"support_top_z_distance": "0.25",
	"support_filament": "0",
	"support_line_width": "0.42",
	"support_interface_loop_pattern": "0",
	"support_interface_filament": "0",
	"support_interface_top_layers": "3",
	"support_interface_bottom_layers": "-1",
	"support_interface_spacing": "0.5",
	"support_base_pattern": "rectilinear",
	"support_base_pattern_spacing": "2.5",
	"support_threshold_angle": "30",
	"support_object_xy_distance": "50%",
	"tree_support_branch_angle": "40",
	"tree_support_wall_count": "0",
	"detect_thin_wall": "1",
	"top_surface_pattern": "monotonicline",
	"top_surface_line_width": "0.45",
	"top_shell_layers": "4",
	"top_shell_thickness": "0.8",
	"enable_prime_tower": "0",
	"wipe_tower_no_sparse_layers": "0",
	"prime_tower_width": "60",
	"xy_hole_compensation": "0",
	"xy_contour_compensation": "0",
	"compatible_printers": [
		"Qidi Q1 Pro 0.4 nozzle"
	]
}